base,clasificador,protocolo_ujanet,representacion,distribucion,numero_capas,Accuracy_mean,Accuracy_std,Sensitivity_mean,Sensitivity_std,Specificity_mean,Specificity_std,Precision_mean,Precision_std,Score_mean,Score_std,predicciones,aciertos,exactitud_directa,ruta_matriz_png,ruta_matriz_conteos,ruta_predicciones,snr_db,inicializacion_onmf
SNR_8db,UjaNet,ultima_juan_ujanet_multiclase_v3_nndsvd_auditado,DeepONMF_H1_opt_SNR0db,24,1.0,0.9808,0.0074296702484027,0.952,0.0185741756210067,0.988,0.0046435439052516,0.9524459309054946,0.0188944833202147,0.97,0.0116088597631292,1000,952,0.952,C:\Users\armga\OneDrive\Escritorio\TFG\Ultima implementacio Juan\ULTIMA\04_resultados_optimizacion_SNR0db\evaluacion_ujanet\SNR_8db\DeepONMF_H1_opt_SNR0db\matriz_confusion_agregada\matriz_confusion.png,C:\Users\armga\OneDrive\Escritorio\TFG\Ultima implementacio Juan\ULTIMA\04_resultados_optimizacion_SNR0db\evaluacion_ujanet\SNR_8db\DeepONMF_H1_opt_SNR0db\matriz_confusion_agregada\matriz_confusion_conteos.csv,C:\Users\armga\OneDrive\Escritorio\TFG\Ultima implementacio Juan\ULTIMA\04_resultados_optimizacion_SNR0db\evaluacion_ujanet\SNR_8db\DeepONMF_H1_opt_SNR0db\matriz_confusion_agregada\predicciones_agregadas.csv,8.0,nndsvd
SNR_8db,UjaNet,ultima_juan_ujanet_multiclase_v3_nndsvd_auditado,DeepONMF_H2_opt_SNR0db,20-4,2.0,0.978,0.0086023252670426,0.945,0.0215058131676065,0.98625,0.0053764532919016,0.9461382629669938,0.0216549593872338,0.965625,0.013441133229754,1000,945,0.945,C:\Users\armga\OneDrive\Escritorio\TFG\Ultima implementacio Juan\ULTIMA\04_resultados_optimizacion_SNR0db\evaluacion_ujanet\SNR_8db\DeepONMF_H2_opt_SNR0db\matriz_confusion_agregada\matriz_confusion.png,C:\Users\armga\OneDrive\Escritorio\TFG\Ultima implementacio Juan\ULTIMA\04_resultados_optimizacion_SNR0db\evaluacion_ujanet\SNR_8db\DeepONMF_H2_opt_SNR0db\matriz_confusion_agregada\matriz_confusion_conteos.csv,C:\Users\armga\OneDrive\Escritorio\TFG\Ultima implementacio Juan\ULTIMA\04_resultados_optimizacion_SNR0db\evaluacion_ujanet\SNR_8db\DeepONMF_H2_opt_SNR0db\matriz_confusion_agregada\predicciones_agregadas.csv,8.0,nndsvd
SNR_8db,UjaNet,ultima_juan_ujanet_multiclase_v3_nndsvd_auditado,DeepONMF_H3_opt_SNR0db,28-13-6,3.0,0.9764,0.0089888820216976,0.941,0.0224722050542443,0.98525,0.005618051263561,0.942224795090604,0.0225435480313691,0.963125,0.0140451281589026,1000,941,0.941,C:\Users\armga\OneDrive\Escritorio\TFG\Ultima implementacio Juan\ULTIMA\04_resultados_optimizacion_SNR0db\evaluacion_ujanet\SNR_8db\DeepONMF_H3_opt_SNR0db\matriz_confusion_agregada\matriz_confusion.png,C:\Users\armga\OneDrive\Escritorio\TFG\Ultima implementacio Juan\ULTIMA\04_resultados_optimizacion_SNR0db\evaluacion_ujanet\SNR_8db\DeepONMF_H3_opt_SNR0db\matriz_confusion_agregada\matriz_confusion_conteos.csv,C:\Users\armga\OneDrive\Escritorio\TFG\Ultima implementacio Juan\ULTIMA\04_resultados_optimizacion_SNR0db\evaluacion_ujanet\SNR_8db\DeepONMF_H3_opt_SNR0db\matriz_confusion_agregada\predicciones_agregadas.csv,8.0,nndsvd
SNR_8db,UjaNet,ultima_juan_ujanet_multiclase_v3_nndsvd_auditado,DeepONMF_H4_opt_SNR0db,8-7-7-6,4.0,0.9792000000000002,0.0075630681604756,0.948,0.018907670401189,0.987,0.0047269176002973,0.9491087660284604,0.018829633521231,0.9675,0.0118172940007431,1000,948,0.948,C:\Users\armga\OneDrive\Escritorio\TFG\Ultima implementacio Juan\ULTIMA\04_resultados_optimizacion_SNR0db\evaluacion_ujanet\SNR_8db\DeepONMF_H4_opt_SNR0db\matriz_confusion_agregada\matriz_confusion.png,C:\Users\armga\OneDrive\Escritorio\TFG\Ultima implementacio Juan\ULTIMA\04_resultados_optimizacion_SNR0db\evaluacion_ujanet\SNR_8db\DeepONMF_H4_opt_SNR0db\matriz_confusion_agregada\matriz_confusion_conteos.csv,C:\Users\armga\OneDrive\Escritorio\TFG\Ultima implementacio Juan\ULTIMA\04_resultados_optimizacion_SNR0db\evaluacion_ujanet\SNR_8db\DeepONMF_H4_opt_SNR0db\matriz_confusion_agregada\predicciones_agregadas.csv,8.0,nndsvd
SNR_8db,UjaNet,ultima_juan_ujanet_multiclase_v3_nndsvd_auditado,LogMel,,,0.9912,0.0022803508501983,0.978,0.0057008771254957,0.9945,0.0014252192813739,0.9782969369844612,0.0054900518134382,0.9862499999999998,0.0035630482034348,1000,978,0.978,C:\Users\armga\OneDrive\Escritorio\TFG\Ultima implementacio Juan\ULTIMA\04_resultados_optimizacion_SNR0db\evaluacion_ujanet\SNR_8db\LogMel\matriz_confusion_agregada\matriz_confusion.png,C:\Users\armga\OneDrive\Escritorio\TFG\Ultima implementacio Juan\ULTIMA\04_resultados_optimizacion_SNR0db\evaluacion_ujanet\SNR_8db\LogMel\matriz_confusion_agregada\matriz_confusion_conteos.csv,C:\Users\armga\OneDrive\Escritorio\TFG\Ultima implementacio Juan\ULTIMA\04_resultados_optimizacion_SNR0db\evaluacion_ujanet\SNR_8db\LogMel\matriz_confusion_agregada\predicciones_agregadas.csv,8.0,nndsvd
SNR_8db,UjaNet,ultima_juan_ujanet_multiclase_v3_nndsvd_auditado,MFCC,,,0.9832,0.0083186537372341,0.958,0.0207966343430854,0.9895,0.0051991585857713,0.9597924323437006,0.0189970411591726,0.97375,0.0129978964644283,1000,958,0.958,C:\Users\armga\OneDrive\Escritorio\TFG\Ultima implementacio Juan\ULTIMA\04_resultados_optimizacion_SNR0db\evaluacion_ujanet\SNR_8db\MFCC\matriz_confusion_agregada\matriz_confusion.png,C:\Users\armga\OneDrive\Escritorio\TFG\Ultima implementacio Juan\ULTIMA\04_resultados_optimizacion_SNR0db\evaluacion_ujanet\SNR_8db\MFCC\matriz_confusion_agregada\matriz_confusion_conteos.csv,C:\Users\armga\OneDrive\Escritorio\TFG\Ultima implementacio Juan\ULTIMA\04_resultados_optimizacion_SNR0db\evaluacion_ujanet\SNR_8db\MFCC\matriz_confusion_agregada\predicciones_agregadas.csv,8.0,nndsvd
SNR_8db,UjaNet,ultima_juan_ujanet_multiclase_v3_nndsvd_auditado,Mel,,,0.9888,0.0064187226143525,0.972,0.0160468065358812,0.993,0.0040117016339702,0.9725544992766834,0.0158999951754887,0.9825,0.0100292540849257,1000,972,0.972,C:\Users\armga\OneDrive\Escritorio\TFG\Ultima implementacio Juan\ULTIMA\04_resultados_optimizacion_SNR0db\evaluacion_ujanet\SNR_8db\Mel\matriz_confusion_agregada\matriz_confusion.png,C:\Users\armga\OneDrive\Escritorio\TFG\Ultima implementacio Juan\ULTIMA\04_resultados_optimizacion_SNR0db\evaluacion_ujanet\SNR_8db\Mel\matriz_confusion_agregada\matriz_confusion_conteos.csv,C:\Users\armga\OneDrive\Escritorio\TFG\Ultima implementacio Juan\ULTIMA\04_resultados_optimizacion_SNR0db\evaluacion_ujanet\SNR_8db\Mel\matriz_confusion_agregada\predicciones_agregadas.csv,8.0,nndsvd
SNR_8db,UjaNet,ultima_juan_ujanet_multiclase_v3_nndsvd_auditado,STFT,,,0.9876,0.003286335345031,0.969,0.0082158383625775,0.99225,0.0020539595906443,0.9700106601179832,0.0084791335158163,0.980625,0.0051348989766109,1000,969,0.969,C:\Users\armga\OneDrive\Escritorio\TFG\Ultima implementacio Juan\ULTIMA\04_resultados_optimizacion_SNR0db\evaluacion_ujanet\SNR_8db\STFT\matriz_confusion_agregada\matriz_confusion.png,C:\Users\armga\OneDrive\Escritorio\TFG\Ultima implementacio Juan\ULTIMA\04_resultados_optimizacion_SNR0db\evaluacion_ujanet\SNR_8db\STFT\matriz_confusion_agregada\matriz_confusion_conteos.csv,C:\Users\armga\OneDrive\Escritorio\TFG\Ultima implementacio Juan\ULTIMA\04_resultados_optimizacion_SNR0db\evaluacion_ujanet\SNR_8db\STFT\matriz_confusion_agregada\predicciones_agregadas.csv,8.0,nndsvd
SNR_5db,UjaNet,ultima_juan_ujanet_multiclase_v3_nndsvd_auditado,DeepONMF_H1_opt_SNR0db,24,1.0,0.9768,0.009121403400793,0.9419999999999998,0.0228035085019827,0.9855,0.0057008771254956,0.9424228394930582,0.0227823355293435,0.96375,0.0142521928137392,1000,942,0.942,C:\Users\armga\OneDrive\Escritorio\TFG\Ultima implementacio Juan\ULTIMA\04_resultados_optimizacion_SNR0db\evaluacion_ujanet\SNR_5db\DeepONMF_H1_opt_SNR0db\matriz_confusion_agregada\matriz_confusion.png,C:\Users\armga\OneDrive\Escritorio\TFG\Ultima implementacio Juan\ULTIMA\04_resultados_optimizacion_SNR0db\evaluacion_ujanet\SNR_5db\DeepONMF_H1_opt_SNR0db\matriz_confusion_agregada\matriz_confusion_conteos.csv,C:\Users\armga\OneDrive\Escritorio\TFG\Ultima implementacio Juan\ULTIMA\04_resultados_optimizacion_SNR0db\evaluacion_ujanet\SNR_5db\DeepONMF_H1_opt_SNR0db\matriz_confusion_agregada\predicciones_agregadas.csv,5.0,nndsvd
SNR_5db,UjaNet,ultima_juan_ujanet_multiclase_v3_nndsvd_auditado,DeepONMF_H2_opt_SNR0db,20-4,2.0,0.978,0.0069282032302755,0.945,0.0173205080756888,0.98625,0.0043301270189222,0.9459936721602245,0.0170386344805358,0.965625,0.0108253175473054,1000,945,0.945,C:\Users\armga\OneDrive\Escritorio\TFG\Ultima implementacio Juan\ULTIMA\04_resultados_optimizacion_SNR0db\evaluacion_ujanet\SNR_5db\DeepONMF_H2_opt_SNR0db\matriz_confusion_agregada\matriz_confusion.png,C:\Users\armga\OneDrive\Escritorio\TFG\Ultima implementacio Juan\ULTIMA\04_resultados_optimizacion_SNR0db\evaluacion_ujanet\SNR_5db\DeepONMF_H2_opt_SNR0db\matriz_confusion_agregada\matriz_confusion_conteos.csv,C:\Users\armga\OneDrive\Escritorio\TFG\Ultima implementacio Juan\ULTIMA\04_resultados_optimizacion_SNR0db\evaluacion_ujanet\SNR_5db\DeepONMF_H2_opt_SNR0db\matriz_confusion_agregada\predicciones_agregadas.csv,5.0,nndsvd
SNR_5db,UjaNet,ultima_juan_ujanet_multiclase_v3_nndsvd_auditado,DeepONMF_H3_opt_SNR0db,28-13-6,3.0,0.978,0.0042426406871193,0.945,0.0106066017177982,0.9862499999999998,0.0026516504294495,0.9462900410962624,0.0108290051384381,0.965625,0.0066291260736238,1000,945,0.945,C:\Users\armga\OneDrive\Escritorio\TFG\Ultima implementacio Juan\ULTIMA\04_resultados_optimizacion_SNR0db\evaluacion_ujanet\SNR_5db\DeepONMF_H3_opt_SNR0db\matriz_confusion_agregada\matriz_confusion.png,C:\Users\armga\OneDrive\Escritorio\TFG\Ultima implementacio Juan\ULTIMA\04_resultados_optimizacion_SNR0db\evaluacion_ujanet\SNR_5db\DeepONMF_H3_opt_SNR0db\matriz_confusion_agregada\matriz_confusion_conteos.csv,C:\Users\armga\OneDrive\Escritorio\TFG\Ultima implementacio Juan\ULTIMA\04_resultados_optimizacion_SNR0db\evaluacion_ujanet\SNR_5db\DeepONMF_H3_opt_SNR0db\matriz_confusion_agregada\predicciones_agregadas.csv,5.0,nndsvd
SNR_5db,UjaNet,ultima_juan_ujanet_multiclase_v3_nndsvd_auditado,DeepONMF_H4_opt_SNR0db,8-7-7-6,4.0,0.9812,0.0052153619241621,0.953,0.0130384048104052,0.98825,0.0032596012026012,0.954043033532666,0.0130639208608616,0.970625,0.0081490030065033,1000,953,0.953,C:\Users\armga\OneDrive\Escritorio\TFG\Ultima implementacio Juan\ULTIMA\04_resultados_optimizacion_SNR0db\evaluacion_ujanet\SNR_5db\DeepONMF_H4_opt_SNR0db\matriz_confusion_agregada\matriz_confusion.png,C:\Users\armga\OneDrive\Escritorio\TFG\Ultima implementacio Juan\ULTIMA\04_resultados_optimizacion_SNR0db\evaluacion_ujanet\SNR_5db\DeepONMF_H4_opt_SNR0db\matriz_confusion_agregada\matriz_confusion_conteos.csv,C:\Users\armga\OneDrive\Escritorio\TFG\Ultima implementacio Juan\ULTIMA\04_resultados_optimizacion_SNR0db\evaluacion_ujanet\SNR_5db\DeepONMF_H4_opt_SNR0db\matriz_confusion_agregada\predicciones_agregadas.csv,5.0,nndsvd
SNR_5db,UjaNet,ultima_juan_ujanet_multiclase_v3_nndsvd_auditado,LogMel,,,0.9896,0.0038470768123343,0.974,0.0096176920308357,0.9934999999999998,0.0024044230077089,0.9745038863575448,0.0093072339929205,0.98375,0.0060110575192723,1000,974,0.974,C:\Users\armga\OneDrive\Escritorio\TFG\Ultima implementacio Juan\ULTIMA\04_resultados_optimizacion_SNR0db\evaluacion_ujanet\SNR_5db\LogMel\matriz_confusion_agregada\matriz_confusion.png,C:\Users\armga\OneDrive\Escritorio\TFG\Ultima implementacio Juan\ULTIMA\04_resultados_optimizacion_SNR0db\evaluacion_ujanet\SNR_5db\LogMel\matriz_confusion_agregada\matriz_confusion_conteos.csv,C:\Users\armga\OneDrive\Escritorio\TFG\Ultima implementacio Juan\ULTIMA\04_resultados_optimizacion_SNR0db\evaluacion_ujanet\SNR_5db\LogMel\matriz_confusion_agregada\predicciones_agregadas.csv,5.0,nndsvd
SNR_5db,UjaNet,ultima_juan_ujanet_multiclase_v3_nndsvd_auditado,MFCC,,,0.978,0.0083666002653407,0.945,0.0209165006633518,0.98625,0.005229125165838,0.9473889294923784,0.0207026236699092,0.965625,0.0130728129145949,1000,945,0.945,C:\Users\armga\OneDrive\Escritorio\TFG\Ultima implementacio Juan\ULTIMA\04_resultados_optimizacion_SNR0db\evaluacion_ujanet\SNR_5db\MFCC\matriz_confusion_agregada\matriz_confusion.png,C:\Users\armga\OneDrive\Escritorio\TFG\Ultima implementacio Juan\ULTIMA\04_resultados_optimizacion_SNR0db\evaluacion_ujanet\SNR_5db\MFCC\matriz_confusion_agregada\matriz_confusion_conteos.csv,C:\Users\armga\OneDrive\Escritorio\TFG\Ultima implementacio Juan\ULTIMA\04_resultados_optimizacion_SNR0db\evaluacion_ujanet\SNR_5db\MFCC\matriz_confusion_agregada\predicciones_agregadas.csv,5.0,nndsvd
SNR_5db,UjaNet,ultima_juan_ujanet_multiclase_v3_nndsvd_auditado,Mel,,,0.9864,0.0049799598391955,0.966,0.0124498995979887,0.9915,0.0031124748994972,0.9667821083097377,0.0120603344178655,0.97875,0.0077811872487429,1000,966,0.966,C:\Users\armga\OneDrive\Escritorio\TFG\Ultima implementacio Juan\ULTIMA\04_resultados_optimizacion_SNR0db\evaluacion_ujanet\SNR_5db\Mel\matriz_confusion_agregada\matriz_confusion.png,C:\Users\armga\OneDrive\Escritorio\TFG\Ultima implementacio Juan\ULTIMA\04_resultados_optimizacion_SNR0db\evaluacion_ujanet\SNR_5db\Mel\matriz_confusion_agregada\matriz_confusion_conteos.csv,C:\Users\armga\OneDrive\Escritorio\TFG\Ultima implementacio Juan\ULTIMA\04_resultados_optimizacion_SNR0db\evaluacion_ujanet\SNR_5db\Mel\matriz_confusion_agregada\predicciones_agregadas.csv,5.0,nndsvd
SNR_5db,UjaNet,ultima_juan_ujanet_multiclase_v3_nndsvd_auditado,STFT,,,0.9872,0.0067230945255886,0.968,0.0168077363139716,0.992,0.0042019340784929,0.968988326328715,0.0163654695675942,0.98,0.0105048351962322,1000,968,0.968,C:\Users\armga\OneDrive\Escritorio\TFG\Ultima implementacio Juan\ULTIMA\04_resultados_optimizacion_SNR0db\evaluacion_ujanet\SNR_5db\STFT\matriz_confusion_agregada\matriz_confusion.png,C:\Users\armga\OneDrive\Escritorio\TFG\Ultima implementacio Juan\ULTIMA\04_resultados_optimizacion_SNR0db\evaluacion_ujanet\SNR_5db\STFT\matriz_confusion_agregada\matriz_confusion_conteos.csv,C:\Users\armga\OneDrive\Escritorio\TFG\Ultima implementacio Juan\ULTIMA\04_resultados_optimizacion_SNR0db\evaluacion_ujanet\SNR_5db\STFT\matriz_confusion_agregada\predicciones_agregadas.csv,5.0,nndsvd
SNR_0db,UjaNet,ultima_juan_ujanet_multiclase_v3_nndsvd_auditado,DeepONMF_H1_opt_SNR0db,24,1.0,0.9784,0.0071274118724821,0.946,0.0178185296812054,0.9865,0.0044546324203013,0.946716793182835,0.0177085585835846,0.96625,0.0111365810507534,1000,946,0.946,C:\Users\armga\OneDrive\Escritorio\TFG\Ultima implementacio Juan\ULTIMA\04_resultados_optimizacion_SNR0db\evaluacion_ujanet\SNR_0db\DeepONMF_H1_opt_SNR0db\matriz_confusion_agregada\matriz_confusion.png,C:\Users\armga\OneDrive\Escritorio\TFG\Ultima implementacio Juan\ULTIMA\04_resultados_optimizacion_SNR0db\evaluacion_ujanet\SNR_0db\DeepONMF_H1_opt_SNR0db\matriz_confusion_agregada\matriz_confusion_conteos.csv,C:\Users\armga\OneDrive\Escritorio\TFG\Ultima implementacio Juan\ULTIMA\04_resultados_optimizacion_SNR0db\evaluacion_ujanet\SNR_0db\DeepONMF_H1_opt_SNR0db\matriz_confusion_agregada\predicciones_agregadas.csv,0.0,nndsvd
SNR_0db,UjaNet,ultima_juan_ujanet_multiclase_v3_nndsvd_auditado,DeepONMF_H2_opt_SNR0db,20-4,2.0,0.98,0.010770329614269,0.95,0.0269258240356725,0.9875,0.0067314560089181,0.950777082384301,0.0265982895671156,0.96875,0.0168286400222953,1000,950,0.95,C:\Users\armga\OneDrive\Escritorio\TFG\Ultima implementacio Juan\ULTIMA\04_resultados_optimizacion_SNR0db\evaluacion_ujanet\SNR_0db\DeepONMF_H2_opt_SNR0db\matriz_confusion_agregada\matriz_confusion.png,C:\Users\armga\OneDrive\Escritorio\TFG\Ultima implementacio Juan\ULTIMA\04_resultados_optimizacion_SNR0db\evaluacion_ujanet\SNR_0db\DeepONMF_H2_opt_SNR0db\matriz_confusion_agregada\matriz_confusion_conteos.csv,C:\Users\armga\OneDrive\Escritorio\TFG\Ultima implementacio Juan\ULTIMA\04_resultados_optimizacion_SNR0db\evaluacion_ujanet\SNR_0db\DeepONMF_H2_opt_SNR0db\matriz_confusion_agregada\predicciones_agregadas.csv,0.0,nndsvd
SNR_0db,UjaNet,ultima_juan_ujanet_multiclase_v3_nndsvd_auditado,DeepONMF_H3_opt_SNR0db,28-13-6,3.0,0.9812,0.0072938330115241,0.953,0.0182345825288104,0.98825,0.0045586456322025,0.9540973126261958,0.0181683294937981,0.970625,0.0113966140805065,1000,953,0.953,C:\Users\armga\OneDrive\Escritorio\TFG\Ultima implementacio Juan\ULTIMA\04_resultados_optimizacion_SNR0db\evaluacion_ujanet\SNR_0db\DeepONMF_H3_opt_SNR0db\matriz_confusion_agregada\matriz_confusion.png,C:\Users\armga\OneDrive\Escritorio\TFG\Ultima implementacio Juan\ULTIMA\04_resultados_optimizacion_SNR0db\evaluacion_ujanet\SNR_0db\DeepONMF_H3_opt_SNR0db\matriz_confusion_agregada\matriz_confusion_conteos.csv,C:\Users\armga\OneDrive\Escritorio\TFG\Ultima implementacio Juan\ULTIMA\04_resultados_optimizacion_SNR0db\evaluacion_ujanet\SNR_0db\DeepONMF_H3_opt_SNR0db\matriz_confusion_agregada\predicciones_agregadas.csv,0.0,nndsvd
SNR_0db,UjaNet,ultima_juan_ujanet_multiclase_v3_nndsvd_auditado,DeepONMF_H4_opt_SNR0db,8-7-7-6,4.0,0.9796,0.0066932802122725,0.949,0.0167332005306814,0.98725,0.0041833001326704,0.9503194883044188,0.0174680319760869,0.968125,0.0104582503316759,1000,949,0.949,C:\Users\armga\OneDrive\Escritorio\TFG\Ultima implementacio Juan\ULTIMA\04_resultados_optimizacion_SNR0db\evaluacion_ujanet\SNR_0db\DeepONMF_H4_opt_SNR0db\matriz_confusion_agregada\matriz_confusion.png,C:\Users\armga\OneDrive\Escritorio\TFG\Ultima implementacio Juan\ULTIMA\04_resultados_optimizacion_SNR0db\evaluacion_ujanet\SNR_0db\DeepONMF_H4_opt_SNR0db\matriz_confusion_agregada\matriz_confusion_conteos.csv,C:\Users\armga\OneDrive\Escritorio\TFG\Ultima implementacio Juan\ULTIMA\04_resultados_optimizacion_SNR0db\evaluacion_ujanet\SNR_0db\DeepONMF_H4_opt_SNR0db\matriz_confusion_agregada\predicciones_agregadas.csv,0.0,nndsvd
SNR_0db,UjaNet,ultima_juan_ujanet_multiclase_v3_nndsvd_auditado,LogMel,,,0.986,0.0083666002653408,0.965,0.0209165006633518,0.99125,0.0052291251658379,0.9664053329760444,0.0201123099466786,0.978125,0.0130728129145949,1000,965,0.965,C:\Users\armga\OneDrive\Escritorio\TFG\Ultima implementacio Juan\ULTIMA\04_resultados_optimizacion_SNR0db\evaluacion_ujanet\SNR_0db\LogMel\matriz_confusion_agregada\matriz_confusion.png,C:\Users\armga\OneDrive\Escritorio\TFG\Ultima implementacio Juan\ULTIMA\04_resultados_optimizacion_SNR0db\evaluacion_ujanet\SNR_0db\LogMel\matriz_confusion_agregada\matriz_confusion_conteos.csv,C:\Users\armga\OneDrive\Escritorio\TFG\Ultima implementacio Juan\ULTIMA\04_resultados_optimizacion_SNR0db\evaluacion_ujanet\SNR_0db\LogMel\matriz_confusion_agregada\predicciones_agregadas.csv,0.0,nndsvd
SNR_0db,UjaNet,ultima_juan_ujanet_multiclase_v3_nndsvd_auditado,MFCC,,,0.9684,0.0117813411800185,0.921,0.0294533529500463,0.98025,0.0073633382375115,0.9227865791403144,0.0276726252661723,0.950625,0.0184083455937789,1000,921,0.921,C:\Users\armga\OneDrive\Escritorio\TFG\Ultima implementacio Juan\ULTIMA\04_resultados_optimizacion_SNR0db\evaluacion_ujanet\SNR_0db\MFCC\matriz_confusion_agregada\matriz_confusion.png,C:\Users\armga\OneDrive\Escritorio\TFG\Ultima implementacio Juan\ULTIMA\04_resultados_optimizacion_SNR0db\evaluacion_ujanet\SNR_0db\MFCC\matriz_confusion_agregada\matriz_confusion_conteos.csv,C:\Users\armga\OneDrive\Escritorio\TFG\Ultima implementacio Juan\ULTIMA\04_resultados_optimizacion_SNR0db\evaluacion_ujanet\SNR_0db\MFCC\matriz_confusion_agregada\predicciones_agregadas.csv,0.0,nndsvd
SNR_0db,UjaNet,ultima_juan_ujanet_multiclase_v3_nndsvd_auditado,Mel,,,0.9852,0.0054037024344425,0.963,0.0135092560861062,0.99075,0.0033773140215266,0.9645561973494028,0.0133488559155516,0.976875,0.0084432850538164,1000,963,0.963,C:\Users\armga\OneDrive\Escritorio\TFG\Ultima implementacio Juan\ULTIMA\04_resultados_optimizacion_SNR0db\evaluacion_ujanet\SNR_0db\Mel\matriz_confusion_agregada\matriz_confusion.png,C:\Users\armga\OneDrive\Escritorio\TFG\Ultima implementacio Juan\ULTIMA\04_resultados_optimizacion_SNR0db\evaluacion_ujanet\SNR_0db\Mel\matriz_confusion_agregada\matriz_confusion_conteos.csv,C:\Users\armga\OneDrive\Escritorio\TFG\Ultima implementacio Juan\ULTIMA\04_resultados_optimizacion_SNR0db\evaluacion_ujanet\SNR_0db\Mel\matriz_confusion_agregada\predicciones_agregadas.csv,0.0,nndsvd
SNR_0db,UjaNet,ultima_juan_ujanet_multiclase_v3_nndsvd_auditado,STFT,,,0.986,0.0031622776601683,0.965,0.0079056941504209,0.99125,0.0019764235376052,0.9654802719744952,0.0080761306609413,0.978125,0.004941058844013,1000,965,0.965,C:\Users\armga\OneDrive\Escritorio\TFG\Ultima implementacio Juan\ULTIMA\04_resultados_optimizacion_SNR0db\evaluacion_ujanet\SNR_0db\STFT\matriz_confusion_agregada\matriz_confusion.png,C:\Users\armga\OneDrive\Escritorio\TFG\Ultima implementacio Juan\ULTIMA\04_resultados_optimizacion_SNR0db\evaluacion_ujanet\SNR_0db\STFT\matriz_confusion_agregada\matriz_confusion_conteos.csv,C:\Users\armga\OneDrive\Escritorio\TFG\Ultima implementacio Juan\ULTIMA\04_resultados_optimizacion_SNR0db\evaluacion_ujanet\SNR_0db\STFT\matriz_confusion_agregada\predicciones_agregadas.csv,0.0,nndsvd
SNR_-5db,UjaNet,ultima_juan_ujanet_multiclase_v3_nndsvd_auditado,DeepONMF_H1_opt_SNR0db,24,1.0,0.9692,0.0046043457732885,0.923,0.0115108644332213,0.98075,0.0028777161083053,0.9244427874519822,0.0116871119927197,0.951875,0.0071942902707633,1000,923,0.923,C:\Users\armga\OneDrive\Escritorio\TFG\Ultima implementacio Juan\ULTIMA\04_resultados_optimizacion_SNR0db\evaluacion_ujanet\SNR_-5db\DeepONMF_H1_opt_SNR0db\matriz_confusion_agregada\matriz_confusion.png,C:\Users\armga\OneDrive\Escritorio\TFG\Ultima implementacio Juan\ULTIMA\04_resultados_optimizacion_SNR0db\evaluacion_ujanet\SNR_-5db\DeepONMF_H1_opt_SNR0db\matriz_confusion_agregada\matriz_confusion_conteos.csv,C:\Users\armga\OneDrive\Escritorio\TFG\Ultima implementacio Juan\ULTIMA\04_resultados_optimizacion_SNR0db\evaluacion_ujanet\SNR_-5db\DeepONMF_H1_opt_SNR0db\matriz_confusion_agregada\predicciones_agregadas.csv,-5.0,nndsvd
SNR_-5db,UjaNet,ultima_juan_ujanet_multiclase_v3_nndsvd_auditado,DeepONMF_H2_opt_SNR0db,20-4,2.0,0.9704,0.0093166517590816,0.926,0.0232916293977042,0.9815000000000002,0.005822907349426,0.9282090791512632,0.0225344748031382,0.95375,0.0145572683735651,1000,926,0.926,C:\Users\armga\OneDrive\Escritorio\TFG\Ultima implementacio Juan\ULTIMA\04_resultados_optimizacion_SNR0db\evaluacion_ujanet\SNR_-5db\DeepONMF_H2_opt_SNR0db\matriz_confusion_agregada\matriz_confusion.png,C:\Users\armga\OneDrive\Escritorio\TFG\Ultima implementacio Juan\ULTIMA\04_resultados_optimizacion_SNR0db\evaluacion_ujanet\SNR_-5db\DeepONMF_H2_opt_SNR0db\matriz_confusion_agregada\matriz_confusion_conteos.csv,C:\Users\armga\OneDrive\Escritorio\TFG\Ultima implementacio Juan\ULTIMA\04_resultados_optimizacion_SNR0db\evaluacion_ujanet\SNR_-5db\DeepONMF_H2_opt_SNR0db\matriz_confusion_agregada\predicciones_agregadas.csv,-5.0,nndsvd
SNR_-5db,UjaNet,ultima_juan_ujanet_multiclase_v3_nndsvd_auditado,DeepONMF_H3_opt_SNR0db,28-13-6,3.0,0.9736,0.0068410525505948,0.9340000000000002,0.017102631376487,0.9835,0.0042756578441217,0.9355672075318312,0.0184632233989055,0.95875,0.0106891446103044,1000,934,0.934,C:\Users\armga\OneDrive\Escritorio\TFG\Ultima implementacio Juan\ULTIMA\04_resultados_optimizacion_SNR0db\evaluacion_ujanet\SNR_-5db\DeepONMF_H3_opt_SNR0db\matriz_confusion_agregada\matriz_confusion.png,C:\Users\armga\OneDrive\Escritorio\TFG\Ultima implementacio Juan\ULTIMA\04_resultados_optimizacion_SNR0db\evaluacion_ujanet\SNR_-5db\DeepONMF_H3_opt_SNR0db\matriz_confusion_agregada\matriz_confusion_conteos.csv,C:\Users\armga\OneDrive\Escritorio\TFG\Ultima implementacio Juan\ULTIMA\04_resultados_optimizacion_SNR0db\evaluacion_ujanet\SNR_-5db\DeepONMF_H3_opt_SNR0db\matriz_confusion_agregada\predicciones_agregadas.csv,-5.0,nndsvd
SNR_-5db,UjaNet,ultima_juan_ujanet_multiclase_v3_nndsvd_auditado,DeepONMF_H4_opt_SNR0db,8-7-7-6,4.0,0.9728,0.0059329587896765,0.932,0.0148323969741912,0.983,0.0037080992435478,0.9334376791260756,0.013426133205121,0.9575,0.0092702481088695,1000,932,0.932,C:\Users\armga\OneDrive\Escritorio\TFG\Ultima implementacio Juan\ULTIMA\04_resultados_optimizacion_SNR0db\evaluacion_ujanet\SNR_-5db\DeepONMF_H4_opt_SNR0db\matriz_confusion_agregada\matriz_confusion.png,C:\Users\armga\OneDrive\Escritorio\TFG\Ultima implementacio Juan\ULTIMA\04_resultados_optimizacion_SNR0db\evaluacion_ujanet\SNR_-5db\DeepONMF_H4_opt_SNR0db\matriz_confusion_agregada\matriz_confusion_conteos.csv,C:\Users\armga\OneDrive\Escritorio\TFG\Ultima implementacio Juan\ULTIMA\04_resultados_optimizacion_SNR0db\evaluacion_ujanet\SNR_-5db\DeepONMF_H4_opt_SNR0db\matriz_confusion_agregada\predicciones_agregadas.csv,-5.0,nndsvd
SNR_-5db,UjaNet,ultima_juan_ujanet_multiclase_v3_nndsvd_auditado,LogMel,,,0.978,0.0054772255750516,0.945,0.0136930639376291,0.98625,0.0034232659844073,0.9463296188739364,0.0134770528963966,0.965625,0.0085581649610182,1000,945,0.945,C:\Users\armga\OneDrive\Escritorio\TFG\Ultima implementacio Juan\ULTIMA\04_resultados_optimizacion_SNR0db\evaluacion_ujanet\SNR_-5db\LogMel\matriz_confusion_agregada\matriz_confusion.png,C:\Users\armga\OneDrive\Escritorio\TFG\Ultima implementacio Juan\ULTIMA\04_resultados_optimizacion_SNR0db\evaluacion_ujanet\SNR_-5db\LogMel\matriz_confusion_agregada\matriz_confusion_conteos.csv,C:\Users\armga\OneDrive\Escritorio\TFG\Ultima implementacio Juan\ULTIMA\04_resultados_optimizacion_SNR0db\evaluacion_ujanet\SNR_-5db\LogMel\matriz_confusion_agregada\predicciones_agregadas.csv,-5.0,nndsvd
SNR_-5db,UjaNet,ultima_juan_ujanet_multiclase_v3_nndsvd_auditado,MFCC,,,0.9544,0.0115238882327103,0.8859999999999999,0.0288097205817758,0.9715,0.0072024301454439,0.8895576351239953,0.0276223742026855,0.92875,0.0180060753636099,1000,886,0.886,C:\Users\armga\OneDrive\Escritorio\TFG\Ultima implementacio Juan\ULTIMA\04_resultados_optimizacion_SNR0db\evaluacion_ujanet\SNR_-5db\MFCC\matriz_confusion_agregada\matriz_confusion.png,C:\Users\armga\OneDrive\Escritorio\TFG\Ultima implementacio Juan\ULTIMA\04_resultados_optimizacion_SNR0db\evaluacion_ujanet\SNR_-5db\MFCC\matriz_confusion_agregada\matriz_confusion_conteos.csv,C:\Users\armga\OneDrive\Escritorio\TFG\Ultima implementacio Juan\ULTIMA\04_resultados_optimizacion_SNR0db\evaluacion_ujanet\SNR_-5db\MFCC\matriz_confusion_agregada\predicciones_agregadas.csv,-5.0,nndsvd
SNR_-5db,UjaNet,ultima_juan_ujanet_multiclase_v3_nndsvd_auditado,Mel,,,0.9788,0.0078230428862431,0.947,0.0195576072156079,0.98675,0.0048894018039019,0.9483334179103418,0.0193634546202486,0.966875,0.0122235045097549,1000,947,0.947,C:\Users\armga\OneDrive\Escritorio\TFG\Ultima implementacio Juan\ULTIMA\04_resultados_optimizacion_SNR0db\evaluacion_ujanet\SNR_-5db\Mel\matriz_confusion_agregada\matriz_confusion.png,C:\Users\armga\OneDrive\Escritorio\TFG\Ultima implementacio Juan\ULTIMA\04_resultados_optimizacion_SNR0db\evaluacion_ujanet\SNR_-5db\Mel\matriz_confusion_agregada\matriz_confusion_conteos.csv,C:\Users\armga\OneDrive\Escritorio\TFG\Ultima implementacio Juan\ULTIMA\04_resultados_optimizacion_SNR0db\evaluacion_ujanet\SNR_-5db\Mel\matriz_confusion_agregada\predicciones_agregadas.csv,-5.0,nndsvd
SNR_-5db,UjaNet,ultima_juan_ujanet_multiclase_v3_nndsvd_auditado,STFT,,,0.9816,0.0071274118724821,0.954,0.0178185296812054,0.9885,0.0044546324203013,0.9551587727749472,0.0169415330743605,0.97125,0.0111365810507534,1000,954,0.954,C:\Users\armga\OneDrive\Escritorio\TFG\Ultima implementacio Juan\ULTIMA\04_resultados_optimizacion_SNR0db\evaluacion_ujanet\SNR_-5db\STFT\matriz_confusion_agregada\matriz_confusion.png,C:\Users\armga\OneDrive\Escritorio\TFG\Ultima implementacio Juan\ULTIMA\04_resultados_optimizacion_SNR0db\evaluacion_ujanet\SNR_-5db\STFT\matriz_confusion_agregada\matriz_confusion_conteos.csv,C:\Users\armga\OneDrive\Escritorio\TFG\Ultima implementacio Juan\ULTIMA\04_resultados_optimizacion_SNR0db\evaluacion_ujanet\SNR_-5db\STFT\matriz_confusion_agregada\predicciones_agregadas.csv,-5.0,nndsvd
SNR_-8db,UjaNet,ultima_juan_ujanet_multiclase_v3_nndsvd_auditado,DeepONMF_H1_opt_SNR0db,24,1.0,0.962,0.006,0.905,0.015,0.97625,0.00375,0.9088854535650835,0.0154496193092931,0.940625,0.0093749999999999,1000,905,0.905,C:\Users\armga\OneDrive\Escritorio\TFG\Ultima implementacio Juan\ULTIMA\04_resultados_optimizacion_SNR0db\evaluacion_ujanet\SNR_-8db\DeepONMF_H1_opt_SNR0db\matriz_confusion_agregada\matriz_confusion.png,C:\Users\armga\OneDrive\Escritorio\TFG\Ultima implementacio Juan\ULTIMA\04_resultados_optimizacion_SNR0db\evaluacion_ujanet\SNR_-8db\DeepONMF_H1_opt_SNR0db\matriz_confusion_agregada\matriz_confusion_conteos.csv,C:\Users\armga\OneDrive\Escritorio\TFG\Ultima implementacio Juan\ULTIMA\04_resultados_optimizacion_SNR0db\evaluacion_ujanet\SNR_-8db\DeepONMF_H1_opt_SNR0db\matriz_confusion_agregada\predicciones_agregadas.csv,-8.0,nndsvd
SNR_-8db,UjaNet,ultima_juan_ujanet_multiclase_v3_nndsvd_auditado,DeepONMF_H2_opt_SNR0db,20-4,2.0,0.9712,0.0103537432844358,0.9280000000000002,0.0258843582110895,0.982,0.0064710895527724,0.9293895662156174,0.024647186363211,0.9549999999999998,0.016177723881931,1000,928,0.928,C:\Users\armga\OneDrive\Escritorio\TFG\Ultima implementacio Juan\ULTIMA\04_resultados_optimizacion_SNR0db\evaluacion_ujanet\SNR_-8db\DeepONMF_H2_opt_SNR0db\matriz_confusion_agregada\matriz_confusion.png,C:\Users\armga\OneDrive\Escritorio\TFG\Ultima implementacio Juan\ULTIMA\04_resultados_optimizacion_SNR0db\evaluacion_ujanet\SNR_-8db\DeepONMF_H2_opt_SNR0db\matriz_confusion_agregada\matriz_confusion_conteos.csv,C:\Users\armga\OneDrive\Escritorio\TFG\Ultima implementacio Juan\ULTIMA\04_resultados_optimizacion_SNR0db\evaluacion_ujanet\SNR_-8db\DeepONMF_H2_opt_SNR0db\matriz_confusion_agregada\predicciones_agregadas.csv,-8.0,nndsvd
SNR_-8db,UjaNet,ultima_juan_ujanet_multiclase_v3_nndsvd_auditado,DeepONMF_H3_opt_SNR0db,28-13-6,3.0,0.9692,0.0079498427657406,0.923,0.0198746069143518,0.98075,0.0049686517285879,0.924584430436477,0.0200027893876992,0.951875,0.0124216293214699,1000,923,0.923,C:\Users\armga\OneDrive\Escritorio\TFG\Ultima implementacio Juan\ULTIMA\04_resultados_optimizacion_SNR0db\evaluacion_ujanet\SNR_-8db\DeepONMF_H3_opt_SNR0db\matriz_confusion_agregada\matriz_confusion.png,C:\Users\armga\OneDrive\Escritorio\TFG\Ultima implementacio Juan\ULTIMA\04_resultados_optimizacion_SNR0db\evaluacion_ujanet\SNR_-8db\DeepONMF_H3_opt_SNR0db\matriz_confusion_agregada\matriz_confusion_conteos.csv,C:\Users\armga\OneDrive\Escritorio\TFG\Ultima implementacio Juan\ULTIMA\04_resultados_optimizacion_SNR0db\evaluacion_ujanet\SNR_-8db\DeepONMF_H3_opt_SNR0db\matriz_confusion_agregada\predicciones_agregadas.csv,-8.0,nndsvd
SNR_-8db,UjaNet,ultima_juan_ujanet_multiclase_v3_nndsvd_auditado,DeepONMF_H4_opt_SNR0db,8-7-7-6,4.0,0.9688,0.0076941536246685,0.922,0.0192353840616713,0.9805,0.0048088460154177,0.9235819413973076,0.0191770985657507,0.95125,0.0120221150385445,1000,922,0.922,C:\Users\armga\OneDrive\Escritorio\TFG\Ultima implementacio Juan\ULTIMA\04_resultados_optimizacion_SNR0db\evaluacion_ujanet\SNR_-8db\DeepONMF_H4_opt_SNR0db\matriz_confusion_agregada\matriz_confusion.png,C:\Users\armga\OneDrive\Escritorio\TFG\Ultima implementacio Juan\ULTIMA\04_resultados_optimizacion_SNR0db\evaluacion_ujanet\SNR_-8db\DeepONMF_H4_opt_SNR0db\matriz_confusion_agregada\matriz_confusion_conteos.csv,C:\Users\armga\OneDrive\Escritorio\TFG\Ultima implementacio Juan\ULTIMA\04_resultados_optimizacion_SNR0db\evaluacion_ujanet\SNR_-8db\DeepONMF_H4_opt_SNR0db\matriz_confusion_agregada\predicciones_agregadas.csv,-8.0,nndsvd
SNR_-8db,UjaNet,ultima_juan_ujanet_multiclase_v3_nndsvd_auditado,LogMel,,,0.9752,0.0054037024344425,0.938,0.0135092560861062,0.9845,0.0033773140215265,0.9403180476234804,0.0127585043215545,0.96125,0.0084432850538164,1000,938,0.938,C:\Users\armga\OneDrive\Escritorio\TFG\Ultima implementacio Juan\ULTIMA\04_resultados_optimizacion_SNR0db\evaluacion_ujanet\SNR_-8db\LogMel\matriz_confusion_agregada\matriz_confusion.png,C:\Users\armga\OneDrive\Escritorio\TFG\Ultima implementacio Juan\ULTIMA\04_resultados_optimizacion_SNR0db\evaluacion_ujanet\SNR_-8db\LogMel\matriz_confusion_agregada\matriz_confusion_conteos.csv,C:\Users\armga\OneDrive\Escritorio\TFG\Ultima implementacio Juan\ULTIMA\04_resultados_optimizacion_SNR0db\evaluacion_ujanet\SNR_-8db\LogMel\matriz_confusion_agregada\predicciones_agregadas.csv,-8.0,nndsvd
SNR_-8db,UjaNet,ultima_juan_ujanet_multiclase_v3_nndsvd_auditado,MFCC,,,0.94,0.0132664991614216,0.85,0.033166247903554,0.9625,0.0082915619758885,0.8541189867201331,0.0326346484131916,0.90625,0.0207289049397212,1000,850,0.85,C:\Users\armga\OneDrive\Escritorio\TFG\Ultima implementacio Juan\ULTIMA\04_resultados_optimizacion_SNR0db\evaluacion_ujanet\SNR_-8db\MFCC\matriz_confusion_agregada\matriz_confusion.png,C:\Users\armga\OneDrive\Escritorio\TFG\Ultima implementacio Juan\ULTIMA\04_resultados_optimizacion_SNR0db\evaluacion_ujanet\SNR_-8db\MFCC\matriz_confusion_agregada\matriz_confusion_conteos.csv,C:\Users\armga\OneDrive\Escritorio\TFG\Ultima implementacio Juan\ULTIMA\04_resultados_optimizacion_SNR0db\evaluacion_ujanet\SNR_-8db\MFCC\matriz_confusion_agregada\predicciones_agregadas.csv,-8.0,nndsvd
SNR_-8db,UjaNet,ultima_juan_ujanet_multiclase_v3_nndsvd_auditado,Mel,,,0.9772,0.0054037024344424,0.943,0.0135092560861063,0.98575,0.0033773140215265,0.9447529036889278,0.0130729369042788,0.964375,0.0084432850538164,1000,943,0.943,C:\Users\armga\OneDrive\Escritorio\TFG\Ultima implementacio Juan\ULTIMA\04_resultados_optimizacion_SNR0db\evaluacion_ujanet\SNR_-8db\Mel\matriz_confusion_agregada\matriz_confusion.png,C:\Users\armga\OneDrive\Escritorio\TFG\Ultima implementacio Juan\ULTIMA\04_resultados_optimizacion_SNR0db\evaluacion_ujanet\SNR_-8db\Mel\matriz_confusion_agregada\matriz_confusion_conteos.csv,C:\Users\armga\OneDrive\Escritorio\TFG\Ultima implementacio Juan\ULTIMA\04_resultados_optimizacion_SNR0db\evaluacion_ujanet\SNR_-8db\Mel\matriz_confusion_agregada\predicciones_agregadas.csv,-8.0,nndsvd
SNR_-8db,UjaNet,ultima_juan_ujanet_multiclase_v3_nndsvd_auditado,STFT,,,0.9744,0.0066932802122725,0.936,0.0167332005306815,0.9840000000000002,0.0041833001326704,0.9378470538393516,0.0163462485053557,0.96,0.0104582503316759,1000,936,0.936,C:\Users\armga\OneDrive\Escritorio\TFG\Ultima implementacio Juan\ULTIMA\04_resultados_optimizacion_SNR0db\evaluacion_ujanet\SNR_-8db\STFT\matriz_confusion_agregada\matriz_confusion.png,C:\Users\armga\OneDrive\Escritorio\TFG\Ultima implementacio Juan\ULTIMA\04_resultados_optimizacion_SNR0db\evaluacion_ujanet\SNR_-8db\STFT\matriz_confusion_agregada\matriz_confusion_conteos.csv,C:\Users\armga\OneDrive\Escritorio\TFG\Ultima implementacio Juan\ULTIMA\04_resultados_optimizacion_SNR0db\evaluacion_ujanet\SNR_-8db\STFT\matriz_confusion_agregada\predicciones_agregadas.csv,-8.0,nndsvd
